1,John Smith,"Reading, Photography","Hiking, Painting",Software Engineer,"Active, Outdoor Enthusiast","Analytical, Creative, Friendly","Java, Photography, Problem-Solving","I am a passionate software engineer with a love for the outdoors. When I am not coding, you can find me exploring new hiking trails or capturing beautiful moments with my camera. I enjoy reading books on technology and photography, which help me stay updated and inspired. My friendly and analytical nature helps me excel in my work and build strong connections with colleagues."
2,Sarah Johnson,"Cooking, Traveling","Dancing, Yoga",Marketing Specialist,"Adventurous, Health-Conscious","Organized, Sociable, Adaptable","Digital Marketing, Event Planning, Culinary Arts","As a marketing specialist, I love to explore new cuisines and cultures during my travels, which fuels my creativity for creating engaging marketing campaigns. In my free time, I enjoy dancing and practicing yoga, which keeps me physically and mentally fit. I am an adaptable and sociable person, making it easy for me to work with diverse teams and deliver successful projects."
3,Michael Williams,"Gaming, Technology","Gardening, Cooking",IT Consultant,"Tech-Savvy, Easygoing","Problem-Solver, Analytical, Team Player","Networking, Troubleshooting, Gaming Strategy","With a passion for technology and gaming, I find joy in both exploring the latest tech trends and mastering gaming strategies. I also have a green thumb and love spending time in my garden, where I grow various plants and experiment with cooking dishes using my homegrown produce. As an IT consultant, I utilize my problem-solving and analytical skills to provide effective solutions and build a collaborative environment with my team."
4,Emily Brown,"Writing, Music","Singing, Painting",Content Writer,"Artistic, Introverted","Creative, Detail-Oriented, Research","Content Creation, Copywriting, Music Composition","I am an introverted content writer who finds solace in expressing my thoughts through writing. I am also passionate about music and enjoy composing melodies and singing. My creativity, attention to detail, and research skills aid me in producing engaging and informative content. When I'm not writing, I like to relax by painting and immersing myself in the world of colors."
5,David Miller,"Sports, Finance","Running, Chess",Financial Analyst,"Ambitious, Organized","Analytical, Problem-Solving, Leadership","Financial Modeling, Data Analysis, Running Technique","As a financial analyst, I have a strong interest in both sports and finance. I am passionate about running and continuously strive to improve my running technique and performance. In my free time, I love playing chess, which sharpens my analytical and strategic thinking skills. My ambition and organization skills have helped me excel in the financial sector and take on leadership roles."
6,Jessica Davis,"Fashion, Photography","Yoga, Shopping",Fashion Designer,"Stylish, Health-Conscious","Creative, Detail-Oriented, Trendspotting","Fashion Design, Sketching, Photography","Fashion has been my passion since I was young, and I have pursued a career as a fashion designer. I love exploring different fashion trends and capturing beautiful moments through my camera lens. Yoga keeps me balanced and healthy, allowing me to stay focused and attentive to details in my designs. My trendspotting ability and creativity help me create unique and eye-catching designs that resonate with people."
7,Sophia Anderson,"Dancing, Psychology","Cooking, Reading",Psychologist,"Enthusiastic, Intellectual","Empathetic, Problem-Solver, Patient","Counseling, Research, Dancing","As a psychologist, I am passionate about understanding human behavior and helping others lead fulfilling lives. I find joy in cooking and reading, which provide me with relaxation and knowledge. Dancing is one of my favorite hobbies, as it allows me to express emotions and maintain a healthy lifestyle. I am known for my empathetic nature and problem-solving skills, which are valuable in my counseling sessions and research work."
8,James Wilson,"Gardening, History","Hiking, Woodworking",Historian,"Nature-Lover, Curious","Analytical, Observant, Writing","Historical Research, Writing, Wood Crafting","As a historian, I am fascinated by the stories of the past and enjoy conducting historical research to uncover hidden facts. Gardening and hiking bring me closer to nature, and woodworking allows me to create beautiful pieces from raw materials. My analytical mindset and keen observation skills assist me in deciphering historical events, while my passion for writing enables me to share these stories with the world."
9,Benjamin Turner,"Sports, Science","Running, Astronomy",Scientist,"Ambitious, Inquisitive","Analytical, Research, Data Analysis","Scientific Methodology, Astronomy, Running Technique","I am a scientist with a strong interest in both sports and science. Running keeps me physically fit and helps me clear my mind for insightful scientific inquiries. I enjoy stargazing and studying celestial bodies, which satisfies my curiosity about the universe. My analytical and research skills, combined with an ambitious spirit, have led me to make significant contributions to the field of science."
10,Isabella Harris,"Music, Fashion","Singing, Sketching",Fashion Stylist,"Artistic, Social","Creative, Trendspotting, Styling","Fashion Styling, Visual Merchandising, Music Composition","Fashion and music are my true passions, and I have combined them into a career as a fashion stylist. Singing and sketching allow me to express my artistic side, while fashion styling and visual merchandising keep me engaged in the latest trends. I have an eye for spotting upcoming fashion trends and love to create unique looks that resonate with my clients' personalities."
11,Ava Murphy,"Painting, Literature","Hiking, Gardening",Artist,"Creative, Nature-Lover","Imaginative, Detail-Oriented, Writing","Painting, Writing, Botanical Art","Being an artist, I immerse myself in the world of colors and imagination through my paintings. I find solace in nature, whether it's hiking through scenic trails or tending to my garden. My attention to detail and love for literature have led me to pursue botanical art and writing about the wonders of nature. I believe art is a powerful medium to convey emotions and messages to the world."
12,Daniel Baker,"Cooking, Technology","Gaming, Photography",Chef,"Innovative, Foodie","Creative, Analytical, Culinary Arts","Culinary Techniques, Recipe Development, Food Photography","As a chef, I am constantly experimenting with new cooking techniques and flavors to create innovative dishes. I have a passion for technology and gaming, which also helps me stay creative in the kitchen. Photography is another hobby that allows me to capture the beauty of my culinary creations. My analytical approach to cooking and attention to detail ensure that every dish is a delight to the taste buds."
13,Mia Jenkins,"Reading, Traveling","Writing, Yoga",Travel Blogger,"Curious, Wanderlust","Adventurous, Observant, Writing","Travel Writing, Blogging, Yoga Instruction","As a travel blogger, I get to combine my love for writing with my passion for exploring new destinations. I find solace in reading books and practicing yoga, which helps me stay centered during my journeys. I have a curious and observant nature, making it easy for me to capture the essence of different places in my travel writing. I aim to inspire others to embark on their own adventures and experience the beauty of the world."
14,Alexander Cooper,"Art, Technology","Drawing, Gaming",Graphic Designer,"Tech-Savvy, Artistic","Creative, Detail-Oriented, Problem-Solving","Graphic Design, Illustration, Web Development","As a graphic designer, I get to merge my passion for art with my proficiency in technology. Drawing and gaming keep my artistic and imaginative side alive. I am detail-oriented and love solving design challenges to create visually appealing and functional designs. My skills in graphic design, illustration, and web development allow me to bring creativity to various digital platforms."
15,Ella Richardson,"Music, Photography","Dancing, Hiking",Freelance Photographer,"Energetic, Music Lover","Creative, Observant, Photography","Portrait Photography, Event Coverage, Photo Editing","As a freelance photographer, I am passionate about capturing moments that tell stories through my camera lens. Music and dancing are my go-to activities to unleash my energy and creativity. Hiking in scenic locations lets me connect with nature and find inspiration for my photography. I am observant and detail-oriented, which reflects in my vibrant and engaging photo compositions."
16,Jackson Brooks,"Sports, Writing","Football, Reading",Sports Journalist,"Enthusiastic, Athletic","Analytical, Detail-Oriented, Writing","Sports Reporting, Research, Football Analysis","As a sports journalist, I am enthusiastic about covering thrilling sporting events and sharing them through my writing. Football is my favorite sport, and I actively follow and analyze matches. Reading is my way of unwinding and expanding my knowledge. My attention to detail and analytical skills enable me to provide insightful sports reporting and in-depth football analysis."
17,Grace Murphy,"Cooking, Music","Singing, Painting",Chef,"Artistic, Foodie","Creative, Detail-Oriented, Culinary Arts","Culinary Techniques, Recipe Creation, Food Styling","As a chef, I find my artistic expression through cooking and presenting delectable dishes. Singing and painting are my creative outlets outside the kitchen. I pay meticulous attention to detail and infuse creativity into every aspect of my culinary creations. I take pride in creating visually appealing dishes that delight both the eyes and taste buds of my diners."
18,Oliver Evans,"Technology, Gaming","Programming, Photography",Software Engineer,"Tech-Savvy, Ambitious","Problem-Solver, Analytical, Coding","Software Development, Photography, Problem-Solving","As a software engineer, I am passionate about technology and gaming. Photography is my hobby, and I love capturing architectural marvels and landscapes. My ambitious and problem-solving mindset drives me to excel in software development. I am analytical in my approach to coding, ensuring robust and efficient solutions for various projects."
19,Scarlett Simmons,"Fashion, Traveling","Photography, Yoga",Fashion Photographer,"Adventurous, Stylish","Creative, Observant, Photography","Fashion Photography, Travel Photography, Yoga Instruction","As a fashion photographer, I travel the world to capture stunning images of both fashion and landscapes. Photography is my passion, and I find joy in expressing stories through my lens. Yoga keeps me grounded and relaxed during my journeys. My observant nature allows me to capture authentic moments, whether on fashion runways or in exotic locations."
20,Lucas Turner,"Reading, Technology","Chess, Programming",Software Developer,"Curious, Introverted","Analytical, Problem-Solving, Coding","Web Development, Data Analysis, Chess Strategy","As a software developer, I am constantly exploring new technologies and programming languages. Reading is a way for me to gain knowledge and insights into various subjects. Chess is my favorite pastime, where I sharpen my analytical skills and strategic thinking. My introverted nature allows me to focus deeply on coding challenges and develop elegant solutions."
21,Chloe Hughes,"Music, Writing","Singing, Dancing",Musician,"Artistic, Social","Creative, Expressive, Songwriting","Singing, Song Composition, Dance Choreography","As a musician, I am passionate about creating soulful music that connects with people's emotions. Singing and dancing are my expressive outlets, where I can convey feelings through movement and melodies. I love to write and compose my songs, which reflect my thoughts and experiences. My expressive nature helps me connect with my audience and bring joy through music and performances."
22,Liam Morris,"Traveling, History","Hiking, Cooking",Travel Writer,"Adventurous, Foodie","Curious, Observant, Travel Writing","Travel Writing, Cooking, Historical Research","Being a travel writer, I am always on the lookout for new destinations and intriguing historical sites. I love to hike and cook traditional dishes from various cultures during my journeys. My curiosity and observant nature allow me to capture the essence of places and deliver engaging travel stories. Through my writing, I aim to inspire others to explore the world and its fascinating history."
23,Harper Reed,"Art, Nature","Painting, Gardening",Artist,"Creative, Nature-Lover","Imaginative, Detail-Oriented, Painting","Oil Painting, Sketching, Botanical Art","As an artist, I find inspiration in the beauty of nature, and I express it through my paintings and sketches. Gardening is my way of connecting with the earth and appreciating its wonders. I am imaginative in my approach to art, often experimenting with various techniques. My attention to detail ensures that every stroke of my brush brings my artwork to life."
24,Leo Coleman,"Photography, Technology","Gaming, Programming",IT Specialist,"Tech-Savvy, Enthusiastic","Analytical, Problem-Solving, Coding","System Administration, Web Development, Photography","As an IT specialist, I have a keen interest in both technology and photography. I find joy in capturing moments through my camera lens, whether it's landscapes or portraits. Gaming is my way of relaxing and keeping my mind sharp. My analytical mindset and problem-solving skills make me efficient in system administration and web development tasks."
25,Violet Morgan,"Cooking, Fashion","Baking, Sketching",Pastry Chef,"Artistic, Foodie","Creative, Detail-Oriented, Baking","Pastry Arts, Cake Decoration, Fashion Design","As a pastry chef, I find my artistic expression through baking delicious and visually appealing desserts. Sketching is another creative outlet that allows me to design new pastry concepts. My attention to detail ensures that every cake and dessert I create is a masterpiece. Fashion design is my inspiration for crafting stunning dessert presentations."
26,Logan Foster,"Sports, Traveling","Football, Hiking",Physical Therapist,"Active, Adventurous","Empathetic, Detail-Oriented, Rehabilitation","Physical Therapy, Sports Injury Treatment, Hiking Guide","As a physical therapist, I am dedicated to helping people recover from sports injuries and regain their physical abilities. Football is my favorite sport, and I enjoy playing and coaching during my free time. Hiking in the great outdoors keeps me refreshed and adventurous. My empathetic nature and attention to detail aid me in providing personalized rehabilitation plans and ensuring my patients' well-being."
27,Madison Wright,"Reading, Music","Writing, Photography",Journalist,"Curious, Artistic","Creative, Detail-Oriented, News Reporting","News Writing, Investigative Journalism, Photography","As a journalist, I am passionate about uncovering stories and presenting them to the world. Reading and music are my sources of inspiration and relaxation. Photography complements my writing, allowing me to capture moments while on assignments. My creative approach and attention to detail enable me to deliver engaging news stories and in-depth investigations."
28,Avery Peterson,"Cooking, Art","Painting, Baking",Chef,"Creative, Foodie","Innovative, Detail-Oriented, Culinary Arts","Culinary Techniques, Artistic Plating, Baking","As a chef, I find my creativity in the kitchen, experimenting with new flavors and artistic plating. Painting is my way of relaxing and expressing my artistic side outside of the culinary world. Baking is my passion, and I love creating delectable desserts that delight the senses. My attention to detail ensures that every dish I serve is a masterpiece of taste and presentation."
29,Sebastian Hayes,"Technology, Music","Playing Guitar, Programming",Software Developer,"Tech-Savvy, Music Lover","Analytical, Problem-Solving, Coding","Web Development, Software Engineering, Guitar Playing","As a software developer, I am passionate about technology and creating innovative solutions. Playing the guitar allows me to unwind and immerse myself in the world of music. My analytical and problem-solving skills help me excel in web development and software engineering. I love to combine my love for music with my technical expertise to explore unique projects."
30,John Doe,"Technology, Fitness","Programming, Weightlifting",Software Developer,"Active, Healthy","Detail-oriented, Driven","Coding, Data Analysis","John Doe was born and raised in New York City. He developed a passion for technology at a young age and pursued a degree in Computer Science. Today, he works as a software developer for a major tech company. In his free time, John enjoys keeping fit and lifting weights at the gym."
31,Jane Smith,"Art, Music","Painting, Guitar playing",Art Teacher,"Casual, Creative","Patient, Inspirational","Painting, Musical Instruments","Jane Smith, a passionate art teacher from Boston, is known for her creative pursuits. She fell in love with art and music at a young age, and this led to a career in teaching these subjects. Her unique approach and skills have made her an inspiration to many of her students."
32,Micheal Ross,"Travel, Photography","Hiking, Photography",Freelance Photographer,"Adventurous, Nomadic","Courageous, Independent","Photography, Navigational skills","Michael Ross is a freelance photographer with a love for travel. Born in Seattle, he was always fascinated by different cultures and landscapes. He turned his passion into a profession and now travels around the world capturing beautiful moments through his lens."
33,Anna Brown,"Literature, Environment","Reading, Gardening",Author,"Introverted, Nature-loving","Empathetic, Thoughtful","Writing, Plant care","Anna Brown is an accomplished author from San Francisco, who also happens to have a green thumb. She spends most of her time working on her next novel or tending to her beautiful garden. Annaâ€™s deep connection with nature is evident in her literary works."
34,William Johnson,"Sports, Movies","Basketball, Movie Reviewing",Sportscaster,"Active, Social","Charismatic, Energetic","Public Speaking, Analytical Thinking","William Johnson is a sportscaster based in Chicago. He has always been a sports enthusiast, particularly basketball, and uses his analytical skills to discuss games and performances. In his downtime, he enjoys watching and reviewing movies, and he is known for his charismatic and energetic personality."
35,Emily Davis,"Education, Volunteer Work","Tutoring, Cooking",School Counselor,"Compassionate, Involved","Understanding, Supportive","Counseling, Cooking","Emily Davis works as a school counselor in Phoenix, Arizona. Known for her compassionate and supportive nature, she provides guidance to students while also spending time tutoring those who need additional assistance. Her hobbies include cooking and volunteering in her local community."
36,Joseph Miller,"Automobiles, Adventure","Car Restoration, Rock Climbing",Mechanic,"Hands-on, Adventurous","Practical, Daring","Mechanical Skills, Climbing","Joseph Miller is a skilled mechanic from Detroit. When he's not restoring classic cars, he's seeking adrenaline-filled adventures like rock climbing. Known for his practical mind and daring spirit, Joseph combines his passions for automobiles and adventure in his unique lifestyle."
37,Laura Wilson,"Science, Animals","Stargazing, Pet Rescue",Veterinarian,"Academic, Animal-loving","Compassionate, Analytical","Veterinary Medicine, Astronomy","Laura Wilson is a veterinarian with a love for science and animals. Based in Houston, Texas, Laura spends her nights stargazing and her days treating and rescuing animals. She combines her compassionate nature with her analytical skills to excel in her profession and hobbies."
38,Jacob White,"Fashion, Design","Clothes Designing, Drawing",Fashion Designer,"Creative, Fashion-forward","Innovative, Perceptive","Designing, Drawing","Jacob White is a fashion designer hailing from Los Angeles. With his innovative and perceptive personality, he creates designs that push boundaries. In his free time, Jacob enjoys sketching and drawing, continually developing his design skills."
39,Oliver Thompson,"Politics, History","Reading, Chess",Political Analyst,"Intellectual, Engaged","Analytical, Observant","Political Analysis, Strategic Thinking","Oliver Thompson is a political analyst from Washington, DC. His deep interest in politics and history fuel his work, and in his spare time, he enjoys reading about international affairs and playing strategic games like chess. Oliver's sharp analytical mind and keen observation skills make him excellent at his job."
40,Liam Taylor,"Outdoor activities, Sustainability","Camping, Recycling",Environmental Scientist,"Adventurous, Eco-conscious","Practical, Resourceful","Environmental Science, Survival Skills","Liam Taylor is an environmental scientist and an avid adventurer. He loves camping and immersing himself in nature. He's also a passionate advocate for sustainable living and makes a conscious effort to reduce, reuse, and recycle. His practical and resourceful nature allows him to thrive both in his career and hobbies."
41,Emma Walker,"Psychology, Fitness","Yoga, Reading",Psychotherapist,"Healthy, Mindful","Empathetic, Patient","Psychotherapy, Yoga","Emma Walker is a psychotherapist from Miami, Florida, with a passion for fitness and wellness. She practices yoga regularly and encourages her clients to incorporate mindfulness and physical activity into their routine. Emma's empathy and patience make her an excellent therapist, and she continues to help many people on their path to mental health recovery."
42,Olivia Allen,"Cuisine, Languages","Cooking, Language Learning",Chef,"Culinary, Multicultural","Creative, Ambitious","Cooking, Multilingualism","Olivia Allen is a chef who loves exploring the culinary arts of different cultures. Besides cooking, she enjoys learning new languages, allowing her to understand various cuisines on a deeper level. Her creativity and ambition are what drives her to keep exploring and creating amazing dishes."
43,James Wright,"Finance, Fitness","Investing, Running",Financial Advisor,"Practical, Active","Methodical, Driven","Financial Analysis, Physical Stamina","James Wright is a financial advisor from New York. He uses his methodical nature to help clients manage their finances. Outside work, James enjoys staying active by running. He believes that the same principles apply in finance and fitness - consistency, strategy, and discipline."
44,Mia Green,"Literature, Cooking","Writing, Cooking",Author,"Intellectual, Homely","Creative, Thoughtful","Writing, Cooking",Mia Green is an author from Sydney. She spends her time split between writing her next novel and trying out new recipes in the kitchen. Her thoughtful and creative personality traits are reflected in both her literary work and her culinary creations.
45,Lucas Harris,"Music, Technology","Playing guitar, Coding",Music Producer,"Innovative, Rhythmic","Talented, Technically-inclined","Music Production, Coding","Lucas Harris is a music producer from Berlin, who combines his passion for music and technology to create unique soundscapes. He is equally at ease with a guitar in his hands or coding on his computer, thanks to his talents and technical inclinations."
46,Sophia Nelson,"Science, Nature","Researching, Gardening",Biologist,"Academic, Nature-loving","Curious, Patient","Scientific Research, Gardening","Sophia Nelson is a biologist from San Francisco. Her curiosity drives her to continually research and learn. She's an ardent nature lover and enjoys gardening, viewing it as a practical application of her scientific knowledge."
47,Benjamin Carter,"Automobiles, Sports","Car Restoration, Football",Mechanic,"Active, Practical","Hardworking, Detail-oriented","Mechanical Skills, Teamwork",Benjamin Carter is a dedicated mechanic from Detroit who is passionate about car restoration. He's also an active participant in community football. Benjamin's hardworking and detail-oriented nature makes him excellent at his job and a valuable team player on the field.
48,Amelia Cooper,"Education, Volunteering","Teaching, Community Service",Kindergarten Teacher,"Compassionate, Engaged","Patient, Nurturing","Teaching, Interpersonal Communication",Amelia Cooper is a devoted kindergarten teacher from Toronto. She finds joy in nurturing young minds and often extends her love for teaching into community service. Amelia's patience and warm nature make her a favorite among her students.
49,Isabella Bailey,"Medicine, Fitness","Yoga, Reading Medical Journals",Doctor,"Healthy, Knowledge-driven","Empathetic, Studious","Medical Knowledge, Fitness","Isabella Bailey is a doctor from Mumbai, with a deep interest in medical research and personal fitness. She keeps her mind and body sharp by reading the latest medical journals and practicing yoga. Isabella's empathetic and studious traits make her an excellent medical practitioner."
50,Jacob Murphy,"Architecture, Music","Sketching, Playing Piano",Architect,"Creative, Musical","Visionary, Perceptive","Designing, Music",Jacob Murphy is an architect from Rome who appreciates the harmony between structure and sound. He loves sketching designs and playing the piano. His visionary thinking and perceptive nature make him excellent in his field and as a pianist.
51,Charlotte Rivera,"Gardening, Arts","Flower Arranging, Painting",Florist,"Artistic, Outdoor-loving","Creative, Patient","Floral Design, Painting","Charlotte Rivera is a florist from Portland who has a passion for gardening and art. She creatively combines these interests in her work, creating beautiful floral arrangements. In her free time, she enjoys painting and being in nature, which often inspire her work."
52,Oliver Watson,"Philosophy, Meditation","Reading, Meditating",Philosophy Professor,"Intellectual, Peace-loving","Thoughtful, Calm","Teaching, Meditation",Oliver Watson is a philosophy professor from Oxford. He has a deep interest in philosophical studies and meditation. His thoughtful and calm demeanor help him impart wisdom to his students and maintain a balanced lifestyle.
53,Sophia Brooks,"Animals, Adventure","Pet Training, Hiking",Veterinarian,"Compassionate, Adventurous","Caring, Brave","Veterinary Medicine, Outdoor Survival",Sophia Brooks is a veterinarian from Colorado who loves adventure and animals. She combines her interests by frequently hiking with her dogs and has even trained them to be search and rescue dogs. Her caring nature and bravery are valuable both in her profession and her adventurous exploits.
54,Aiden Bennett,"Sports, Fitness","Swimming, Personal Training",Physical Therapist,"Active, Health-conscious","Motivated, Observant","Physical Therapy, Fitness Training",Aiden Bennett is a physical therapist from Melbourne. His love for sports and fitness lead him to his profession. He stays active by swimming and helps others achieve their fitness goals through personal training. His motivation and observational skills contribute greatly to his career and hobbies.
55,Elijah Flores,"Film, Literature","Film Analysis, Writing",Film Critic,"Analytical, Creative","Observant, Articulate","Film Studies, Creative Writing","Elijah Flores is a Los Angeles-based film critic with a penchant for literature. His love for storytelling in various forms influences his insightful reviews. Elijah enjoys analyzing films and writing about them, with his articulate and observant nature serving him well in his career."
56,Grace Barnes,"Ecology, Travel","Birdwatching, Eco-tourism",Ecologist,"Nature-loving, Adventurous","Patient, Analytical","Ecological Research, Bird Identification","Grace Barnes is an ecologist from the UK, passionate about wildlife and travel. She enjoys birdwatching and participating in eco-tourism. Grace's patient and analytical personality traits serve her well in ecological research and in identifying rare bird species."
57,Oliver Long,"Astronomy, Photography","Stargazing, Astrophotography",Astronomer,"Intellectual, Artistic","Curious, Imaginative","Astronomical Observation, Photography",Oliver Long is an astronomer with a passion for photography. He spends his nights observing the skies and capturing celestial events. His curiosity and imagination drive his search for knowledge and artistic representation of the universe.
58,Madison Cook,"Sports, Nutrition","Basketball, Cooking Healthy Meals",Dietitian,"Active, Health-conscious","Disciplined, Innovative","Nutritional Counseling, Cooking",Madison Cook is a dietitian who loves playing basketball and cooking healthy meals. Her disciplined nature and innovative cooking methods help her clients achieve their dietary goals. She believes in a balanced approach to nutrition and advocates for regular physical activity.
59,James Richardson,"History, Adventure","Visiting Historic Sites, Mountain Climbing",Historian,"Curious, Brave","Detail-oriented, Resilient","Historical Research, Outdoor Survival","James Richardson is a historian who loves embarking on adventures. He often visits historic sites and enjoys mountain climbing. James's detail-oriented nature helps in his research, and his resilience is a valuable asset during his adventurous exploits."
60,Isabella Bell,"Sustainability, Crafts","Upcycling, DIY Projects",Sustainability Consultant,"Eco-friendly, Creative","Innovative, Practical","Sustainability, Crafting",Isabella Bell is a sustainability consultant from Copenhagen with a knack for crafts. She enjoys upcycling items and creating her own DIY projects. Her innovative and practical skills have made her successful both professionally and personally.
61,Benjamin Perez,"Design, Coffee","Graphic Designing, Coffee Tasting",Graphic Designer,"Artistic, Connoisseur","Creative, Perceptive","Designing, Coffee Brewing",Benjamin Perez is a graphic designer from Seattle with a passion for coffee. He loves incorporating his creative skills into his designs and is always on the hunt for the perfect brew. Benjamin's creativity and perception for detail are what make him stand out.
62,Olivia Ross,"Music, Animals","Singing, Volunteering at Animal Shelters",Music Teacher,"Melodious, Compassionate","Musical, Kind-hearted","Music Education, Animal Care",Olivia Ross is a music teacher from Austin who loves animals. She enjoys singing and volunteers at local animal shelters during her free time. Olivia's melodious and compassionate nature brings joy to her students and the animals she cares for.
63,Ava Foster,"Photography, Nature","Wildlife Photography, Hiking",Photographer,"Adventurous, Observant","Artistic, Resilient","Photography, Nature Navigation",Ava Foster is a wildlife photographer who loves exploring the great outdoors. She often goes hiking to find her next great shot. Ava's artistic eye and resilience help her capture stunning photographs and navigate challenging terrains.
64,Aria Davis,"Fitness, Wellness","Weightlifting, Meditation",Fitness Trainer,"Active, Spiritual","Motivated, Mindful","Personal Training, Mindfulness",Aria Davis is a fitness trainer from Miami who believes in balancing physical strength with mental wellness. She loves weightlifting and practices meditation daily. Aria's motivated and mindful nature makes her a successful trainer and wellness advocate.
65,Noah Evans,"Gaming, Robotics","Video Gaming, Building Robots",Game Developer,"Innovative, Technophile","Competitive, Problem-solving","Game Development, Robotics","Noah Evans is a game developer from Tokyo with a keen interest in robotics. When he's not creating the next popular game, he's building robots. Noah's competitive and problem-solving traits make him a star in his field and an ambitious hobbyist."
66,Emma Roberts,"Literature, Tea","Reading, Tea Tasting",Librarian,"Intellectual, Connoisseur","Thoughtful, Sensitive","Literary Knowledge, Tea Evaluation",Emma Roberts is a librarian from Dublin. She loves literature and is a tea enthusiast. Emma enjoys spending her time reading a good book with a cup of tea. Her thoughtful and sensitive nature reflects in her book choices and her refined palate for teas.
67,William Turner,"Sports, Comedy","Football, Stand-up Comedy",Sports Commentator,"Energetic, Humorous","Enthusiastic, Witty","Sports Analysis, Stand-up Comedy","William Turner is a sports commentator from New York. He combines his love for sports, especially football, with a great sense of humor. William's enthusiastic and witty personality make his commentary entertaining and insightful."
68,Emily Anderson,"Baking, Gardening","Cake Decorating, Planting",Baker,"Nurturing, Creative","Organized, Artistic","Baking, Gardening","Emily Anderson is a baker from Paris who enjoys gardening. She loves decorating cakes and nurturing plants. Emily's organized and artistic nature contributes to her success in baking beautiful and delicious cakes, and maintaining a thriving garden."
69,Michael Thompson,"Photography, Travel","Portrait Photography, Backpacking",Photographer,"Adventurous, Creative","Perceptive, Adaptable","Photography, Travel Planning",Michael Thompson is a professional photographer from Sydney with a deep passion for travel. He enjoys capturing human emotions through his portrait photography and loves the adventure of backpacking in different countries. His perceptive and adaptable nature aids him in his work and travels.
70,David Jackson,"Astronomy, Music","Stargazing, Playing Guitar",Astrophysicist,"Intellectual, Musical","Curious, Talented","Astronomy, Guitar Playing",David Jackson is an astrophysicist with a love for music. He spends his nights observing the skies and his free time strumming tunes on his guitar. David's curious mind and musical talent make him a unique combination of scientist and artist.
71,Sophia Rodriguez,"Yoga, Cooking","Practicing Yoga, Experimenting with Recipes",Yoga Instructor,"Balanced, Culinary-inclined","Flexible, Innovative","Yoga Instruction, Cooking",Sophia Rodriguez is a yoga instructor from Bali with a passion for cooking. She enjoys finding balance in her life through yoga and loves to experiment with different recipes in the kitchen. Sophia's flexibility and innovative cooking skills make her popular among her yoga students and friends.
72,Noah Taylor,"Writing, Adventure Sports","Writing Novels, Mountain Biking",Author,"Creative, Adventurous","Imaginative, Daring","Creative Writing, Mountain Biking","Noah Taylor is an author who seeks adventure through his novels and mountain biking. His imaginative writing captures readers, and his daring nature pushes him to tackle challenging trails on his bike. Noah successfully balances his creative mind with his adventurous spirit."
73,Liam Cooper,"Architecture, Wine","Sketching Buildings, Wine Tasting",Architect,"Artistic, Connoisseur","Detailed, Appreciative","Architectural Design, Wine Appraisal",Liam Cooper is an architect from Barcelona with a love for wine. He enjoys sketching buildings and appreciating fine wines. Liam's eye for detail and refined taste make him a successful architect and a true wine connoisseur.
74,Amelia Perry,"Dancing, Volunteering","Ballet, Animal Shelter Volunteer",Ballet Instructor,"Graceful, Compassionate","Disciplined, Kind","Ballet, Animal Care",Amelia Perry is a ballet instructor from New York who is passionate about animals. She spends her free time volunteering at an animal shelter. Amelia's discipline from ballet and her kind-hearted nature make her beloved by her students and the animals she helps.
75,Oliver Peterson,"Programming, Fitness","Coding, Crossfit",Software Engineer,"Analytical, Active","Logical, Determined","Programming, Crossfit Training",Oliver Peterson is a software engineer from Stockholm who loves staying active. He enjoys the logical nature of coding and the physical demands of Crossfit. His analytical mind and determination help him succeed in his work and fitness goals.
76,Ava Scott,"Languages, Coffee","Learning Languages, Brewing Coffee",Interpreter,"Communicative, Connoisseur","Polyglot, Skilled Brewer","Language Interpretation, Coffee Brewing",Ava Scott is an interpreter from Geneva who enjoys coffee culture. She's fluent in multiple languages and loves brewing her own coffee. Ava's communicative skills and knowledge about coffee make her a fascinating person to converse with over a cup of java.
77,Noah Collins,"Cinema, Cars","Movie Analysis, Car Restoration",Film Editor,"Imaginative, Mechanical","Detail-oriented, Patient","Film Editing, Auto Repair",Noah Collins is a film editor from Los Angeles who has a passion for cars. He enjoys analyzing movies and restoring old cars in his free time. Noah's attention to detail and patience are valuable traits in his professional and personal pursuits.
78,Mia Ward,"Interior Design, Yoga","Decorating, Teaching Yoga",Interior Designer,"Aesthetic, Mindful","Creative, Calm","Interior Design, Yoga Instruction",Mia Ward is an interior designer from Toronto who loves yoga. She enjoys creating aesthetic spaces and teaching yoga. Mia's creativity and calming presence make her popular among her clients and students.
79,Benjamin Cook,"Cycling, Jazz","Mountain Biking, Playing Saxophone",Bike Mechanic,"Active, Musical","Fit, Talented","Bike Repair, Saxophone Playing",Benjamin Cook is a bike mechanic from Boulder with a passion for jazz. He loves biking in the mountains and playing the saxophone. Benjamin's fitness and musical talent bring balance to his active lifestyle and musical interests.
80,Sophia James,"Gardening, Poetry","Growing Roses, Writing Poems",Florist,"Nature-loving, Creative","Patient, Expressive","Gardening, Poetry Writing",Sophia James is a florist from London who enjoys poetry. She loves growing roses and expressing her feelings through poems. Sophia's patience in gardening and her expressive writing make her well-loved by her customers and readers.
81,Mason Green,"Carpentry, Cooking","Furniture Making, Grilling",Carpenter,"Handy, Culinary-inclined","Skilled Craftsman, Grilling Expert","Carpentry, Cooking",Mason Green is a carpenter from Texas who enjoys cooking. He specializes in making furniture and grilling delicious meals. Mason's crafting skills and cooking expertise are a unique combination that makes him popular in his community.
82,Ella Turner,"Photography, Hiking","Nature Photography, Trail Hiking",Photographer,"Adventurous, Observant","Artistic, Endurance","Photography, Hiking",Ella Turner is a photographer from Denver who loves hiking. She enjoys capturing the beauty of nature through her lens and hiking on various trails. Ella's artistic eye and endurance make her a successful photographer and an avid hiker.
83,William Brooks,"Technology, Football","Building Computers, Coaching Football",IT Manager,"Tech-savvy, Athletic","Analytical, Leadership","IT Management, Football Coaching",William Brooks is an IT Manager from Manchester who enjoys coaching football in his spare time. He has a knack for building computers and leading a football team. William's analytical skills and leadership abilities make him an asset in his professional and personal life.
84,Evelyn Bennett,"Arts, Health","Painting, Yoga Practice",Art Teacher,"Creative, Mindful","Artistic, Flexible","Art Teaching, Yoga",Evelyn Bennett is an art teacher from San Francisco with a love for health and wellness. She enjoys painting and practicing yoga. Evelyn's artistic talent and flexibility are apparent in both her teaching style and her commitment to personal health.
85,Daniel White,"Music, Astronomy","Playing Piano, Stargazing",Music Producer,"Melodious, Curious","Musical, Observant","Music Production, Astronomy",Daniel White is a music producer from London who loves astronomy. He enjoys composing melodies on the piano and stargazing during his free time. Daniel's musical skills and observant nature make him successful in his career and passionate about his hobby.
86,Abigail Roberts,"Dancing, Travel","Ballet Dancing, Backpacking",Ballet Dancer,"Graceful, Adventurous","Disciplined, Resilient","Ballet, Backpacking",Abigail Roberts is a ballet dancer from New York with a passion for travel. She loves expressing herself through ballet and exploring the world backpacking. Abigail's discipline from ballet and her resilience in her travels make her a well-rounded individual.
87,Lucas Allen,"Photography, Writing","Landscape Photography, Blogging",Photographer,"Adventurous, Articulate","Artistic, Communicative","Photography, Blogging",Lucas Allen is a photographer from Sydney who enjoys writing. He specializes in landscape photography and blogs about his experiences. Lucas's artistic abilities and communication skills make his photographs and stories captivating.
88,Emily Clark,"Fitness, Music","Running, Drumming",Gym Trainer,"Active, Musical","Disciplined, Rhythmical","Fitness Training, Drumming",Emily Clark is a gym trainer from Boston with a passion for music. She loves staying active through running and playing the drums. Emily's discipline in her fitness routine and rhythmic talent make her a motivated trainer and an impressive drummer.
89,Jackson Johnson,"Film, Nature","Film Making, Bird Watching",Film Director,"Creative, Outdoorsy","Artistic, Observant","Film Direction, Bird Identification",Jackson Johnson is a film director from Los Angeles who loves nature. He enjoys making films that tell compelling stories and bird watching in his spare time. Jackson's artistic abilities and observant nature make his films unique and his bird watching enjoyable.
90,Jacob Wright,"Programming, Chess","Coding, Chess Playing",Software Developer,"Analytical, Strategic","Logical, Competitive","Programming, Chess",Jacob Wright is a software developer from San Francisco who enjoys playing chess. He loves solving complex coding problems and strategizing in chess games. Jacob's logical thinking and competitive nature make him successful in his work and hobbies.
91,Sophia Green,"Photography, Cooking","Wildlife Photography, Baking",Photographer,"Adventurous, Culinary-inclined","Artistic, Precise","Photography, Baking",Sophia Green is a photographer from Cape Town who enjoys cooking. She specializes in wildlife photography and loves to bake delicious treats. Sophia's artistic skills and precision in the kitchen make her a sought-after photographer and a superb baker.
92,Oliver Johnson,"Crafts, Technology","Woodworking, Building PCs",Craftsman,"Handy, Tech-savvy","Practical, Detail-oriented","Woodworking, PC building","Oliver Johnson is a craftsman from Melbourne with a keen interest in technology. He combines his love for woodworking with his skills in building PCs, creating unique furniture and powerful computers. His practical nature and attention to detail are apparent in all his works."
93,Mia Thompson,"Literature, Outdoor Activities","Reading Novels, Hiking",Author,"Intellectual, Adventurous","Creative, Resilient","Writing, Hiking",Mia Thompson is an author from Colorado who loves the outdoors. She enjoys immersing herself in novels and exploring different hiking trails. Her creative writing skills and resilience in the face of challenging terrains make her a fascinating storyteller and adventurer.
94,Lucas White,"History, Cooking","Researching History, Trying International Cuisines",Historian,"Curious, Culinary-inclined","Inquisitive, Experimental","Historical Research, Cooking",Lucas White is a historian from Athens who enjoys cooking. He loves learning about different eras and experimenting with international cuisines. His inquisitive nature and experimental cooking skills make him an interesting conversationalist and a good cook.
95,Amelia Wilson,"Dancing, Gardening","Ballet Dancing, Growing Herbs",Dance Instructor,"Graceful, Nature-loving","Disciplined, Patient","Ballet, Gardening",Amelia Wilson is a dance instructor from Dublin with a love for gardening. She enjoys expressing herself through ballet and nurturing her herb garden. Amelia's discipline from dancing and her patience in gardening reflect in her teaching and nurturing of plants.
96,Liam King,"Photography, Martial Arts","Nature Photography, Practicing Taekwondo",Photographer,"Adventurous, Disciplined","Artistic, Skilled Fighter","Photography, Taekwondo",Liam King is a photographer from Seoul who practices Taekwondo. He loves capturing the beauty of nature and disciplining his body and mind through martial arts. Liam's artistic skills and combat abilities are a unique combination that fuels his adventurous spirit.
97,Noah Brown,"Soccer, Cooking","Playing Soccer, Italian Cooking",Professional Soccer Player,"Athletic, Culinary-inclined","Team Player, Skilled Chef","Soccer, Italian Cuisine",Noah Brown is a professional soccer player from Milan with a passion for Italian cooking. His teamwork on the field and his skills in the kitchen make him a popular figure among his teammates and family.
98,Sophie Clark,"Visual Arts, Reading","Painting, Reading Classic Literature",Art Teacher,"Creative, Intellectual","Artistic, Analytical","Painting, Literary Analysis",Sophie Clark is an art teacher from London who enjoys classic literature. She expresses her creativity through painting and delves into different worlds through reading. Sophie's artistic talent and analytical thinking inspire her students and enrich her personal life.
99,Jackson Roberts,"Engineering, Astronomy","Building Models, Stargazing",Civil Engineer,"Analytical, Curious","Problem Solver, Observant","Engineering, Astronomy",Jackson Roberts is a civil engineer from Houston with a fascination for the stars. He loves solving complex problems and observing the night sky. His problem-solving skills and observational abilities make him a successful engineer and amateur astronomer.
100,Ava Green,"Fashion, Volunteering","Fashion Designing, Animal Shelter Volunteer",Fashion Designer,"Stylish, Compassionate","Creative, Kind","Fashion Design, Animal Care",Ava Green is a fashion designer from Paris who loves animals. She enjoys creating stylish clothing and volunteering at an animal shelter. Ava's creativity and kindness make her a popular designer and a beloved volunteer.
101,William Harris,"Music, Fitness","Playing Guitar, Weightlifting",Music Producer,"Melodious, Active","Musical, Strong","Music Production, Weightlifting",William Harris is a music producer from Nashville who enjoys staying active. He loves creating melodies on his guitar and lifting weights. William's musical talent and physical strength give him a unique edge in his career and personal life.
102,Isabella Carter,"Travel, Writing","Backpacking, Travel Blogging",Travel Blogger,"Adventurous, Articulate","Resilient, Expressive","Backpacking, Blogging",Isabella Carter is a travel blogger from Barcelona who loves to write. She enjoys backpacking around the world and sharing her experiences through her blog. Isabella's resilience during her travels and her expressive writing make her a popular blogger.
103,Olivia Nelson,"Dancing, Baking","Ballet Dancing, Cake Baking",Ballet Dancer,"Graceful, Culinary-inclined","Disciplined, Precise","Ballet, Baking",Olivia Nelson is a ballet dancer from New York who loves baking. She expresses herself through ballet and enjoys baking delicious cakes. Olivia's discipline from ballet and her precision in baking make her a wonderful dancer and a skilled baker.
104,Liam Wright,"Photography, Fishing","Landscape Photography, Fly Fishing",Photographer,"Observant, Patient","Artistic, Skilled Angler","Photography, Fishing",Liam Wright is a photographer from Vancouver who enjoys fishing. He loves capturing beautiful landscapes through his lens and fly fishing in his free time. Liam's artistic talent and patience make his photographs and fishing endeavors successful.
105,Ava Robinson,"Gardening, Painting","Growing Orchids, Watercolor Painting",Florist,"Nature-loving, Creative","Green Thumb, Artistic","Gardening, Painting",Ava Robinson is a florist from Sydney with a love for painting. She enjoys growing beautiful orchids and expressing herself through watercolor painting. Ava's green thumb and artistic skills make her a successful florist and a talented painter.
106,Jasmine Williams,"Cooking, baking, languages","Learning new languages, trying new foods, hosting dinner parties",Chef,"Creative, organized, passionate","Kind, caring, detail-oriented","Cooking, baking, languages","I've always loved cooking and baking, and I'm so passionate about sharing my love of food with others. I'm also passionate about learning new languages and exploring different cultures."
107,Kevin Brown,"Sports, fitness, health","Playing basketball, running, lifting weights",Personal Trainer,"Athletic, outgoing, motivated","Friendly, helpful, supportive","Personal training, fitness coaching, nutrition counseling","I've always been passionate about fitness, and I love helping others reach their fitness goals. I'm also passionate about living a healthy lifestyle."
108,Aaliyah Jones,"Reading, writing, music","Hiking, biking, swimming",Author,"Active, outgoing, creative","Intelligent, witty, compassionate","Public speaking, writing, editing","I've always loved to tell stories, and I'm so excited to finally be able to share my work with the world. I'm passionate about social justice and equality, and I hope my writing can make a difference in the world."
109,Ben Smith,"Sports, video games, technology","Coding, gaming, building robots",Software Engineer,"Adventurous, intelligent, driven","Problem-solving, analytical, creative","Coding, problem-solving, teamwork","I've been coding since I was a kid, and I love the challenge of solving complex problems. I'm also passionate about using technology to make the world a better place."
110,Cindy Brown,"Fashion, travel, photography","Shopping, exploring new cities, taking photos",Fashion Designer,"Fashionable, stylish, creative","Organized, detail-oriented, ambitious","Designing clothes, sewing, photography","I've always loved fashion, and I'm so excited to be able to create my own designs. I'm passionate about expressing my creativity through my work, and I hope to inspire others to do the same."
111,Danielle Green,"Cooking, baking, gardening","Hiking, camping, spending time with family",Stay-at-home Mom,"Homebody, family-oriented, nurturing","Kind, compassionate, organized","Cooking, baking, gardening, sewing","I love being a mom, and I'm so grateful to be able to stay home with my kids. I'm also passionate about cooking and baking, and I love spending time in my garden."
112,Ethan White,"Music, movies, sports","Playing guitar, watching movies, playing basketball",Student,"Athletic, outgoing, funny","Friendly, helpful, creative","Guitar, singing, basketball","I'm a big fan of music, movies, and sports, and I love spending time with my friends. I'm also a good student, and I'm excited to see what the future holds."
113,Frank Brown,"History, politics, philosophy","Reading, writing, debating",Professor,"Intellectual, curious, open-minded","Intelligent, witty, articulate","Research, writing, teaching","I've always been fascinated by the past, and I love learning about different cultures and perspectives. I'm passionate about teaching and sharing my knowledge with others."
114,Gabrielle Green,"Art, music, dance","Painting, playing piano, dancing",Artist,"Creative, expressive, passionate","Independent, confident, determined","Painting, drawing, dancing","I've been creating art since I was a child, and I love the freedom of expression it allows me. I'm passionate about using my art to connect with others and make a difference in the world."
115,Hannah Smith,"Animals, nature, travel","Hiking, camping, visiting national parks",Wildlife Photographer,"Adventurous, passionate, compassionate","Kind, caring, observant","Photography, wildlife tracking, hiking","I've always loved animals, and I'm so passionate about protecting them. I'm also passionate about traveling and exploring new places."
116,Ishaan Patel,"Business, finance, technology","Investing, coding, starting businesses",Entrepreneur,"Ambitious, driven, risk-taker","Intelligent, analytical, creative","Problem-solving, entrepreneurship, negotiation","I've always been interested in business and finance, and I love the challenge of starting and growing businesses. I'm passionate about using my skills to make a difference in the world."
117,Bob Jones,"Sports, video games, movies","Cooking, fishing, camping",Software engineer,"Extroverted, energetic, competitive","Outgoing, funny, confident","Problem-solving, coding, gaming","I've been a sports fan my whole life, and I love to play video games and watch movies. I'm also an excellent cook and I love to spend time outdoors. I'm an extrovert who loves to be around people. I'm also very energetic and competitive. I'm a good problem-solver and I'm great at coding. I'm also a bit of a gamer and I love to watch movies."
118,Charlie Brown,"Art, music, nature","Hiking, biking, photography",Graphic designer,"Creative, imaginative, independent","Kind, compassionate, thoughtful","Drawing, painting, music composition","I've always loved to create things, and I'm passionate about using my art to make a difference in the world. I'm also an avid hiker and biker, and I love to spend time in nature. I'm a creative and imaginative person who loves to come up with new ideas. I'm also kind, compassionate, and thoughtful. I'm a good artist and musician, and I love to use my talents to help others."
119,Frank Miller,"Technology, science, gaming","Coding, robotics, video games",Software developer,"Logical, analytical, creative","Intelligent, problem-solver, innovative","Coding, problem-solving, creativity","I've always been fascinated by technology and science, and I love to code and build things. I'm also an avid gamer. I'm a logical and analytical person who loves to solve problems. I'm also intelligent and creative, and I'm always coming up with new ideas. I'm a good coder and I'm also a skilled problem-solver."
120,Grace Williams,"Fashion, beauty, design","Shopping, blogging, photography",Fashion designer,"Creative, stylish, confident","Outgoing, funny, ambitious","Fashion design, photography, blogging","I've always loved fashion and beauty, and I'm passionate about creating my own designs. I'm also an avid blogger and photographer. I'm a creative and stylish person who loves to express myself through my work. I'm outgoing and funny, and I'm always up for a challenge. I'm a skilled fashion designer and I'm also a good photographer."
121,Henry White,"Music, art, culture","Singing, dancing, painting",Musician,"Passionate, creative, expressive","Talented, hardworking, driven","Music, singing, dancing, painting","I've always loved music and art, and I'm passionate about expressing myself through my work. I'm also an avid dancer and painter. I'm a passionate and creative person who loves to share my talents with others. I'm talented, hardworking, and driven, and I'm always striving to improve my skills."
122,Isabella Lopez,"Languages, travel, food","Cooking, hiking, reading",Travel writer,"Curious, adventurous, independent","Creative, intelligent, articulate","Writing, research, languages","I've always been fascinated by different cultures and languages, and I love to travel and experience new things. I'm also an avid cook and hiker. I'm a curious and adventurous person who loves to explore new places and learn new things. I'm also creative and intelligent, and I love to write and research."
123,James Thomas,"Business, finance, entrepreneurship","Investing, golfing, networking",Venture capitalist,"Ambitious, driven, results-oriented","Intelligent, strategic, persuasive","Business, finance, entrepreneurship","I've always been interested in business and finance, and I'm passionate about building successful businesses. I'm also an avid golfer and networker. I'm an ambitious and driven person who is always looking for new opportunities. I'm also intelligent and strategic, and I'm good at persuading others to see my point of view."
124,Jessica Nguyen,"Psychology, social work, counseling","Reading, writing, volunteering",Social worker,"Compassionate, empathetic, understanding","Patient, non-judgmental, supportive","Listening, counseling, therapy","I've always been interested in helping people, and I'm passionate about making a difference in the world. I'm also an avid reader and writer. I'm a compassionate and empathetic person who is always willing to listen to others and offer support. I'm also patient, non-judgmental, and supportive."
125,Kate Williams,"Cooking, baking, food styling","Photography, traveling, reading",Food blogger,"Creative, organized, detail-oriented","Passionate, hardworking, driven","Cooking, baking, photography, writing","I've always loved to cook and bake, and I'm passionate about sharing my recipes and food styling tips with others. I'm also an avid photographer and traveler. I'm a creative and organized person who loves to create beautiful things. I'm also passionate, hardworking, and driven."
126,Larry Brown,"Technology, science, engineering","Coding, robotics, building things",Software engineer,"Logical, analytical, creative","Intelligent, problem-solver, innovative","Coding, problem-solving, creativity","I've always been fascinated by technology and science, and I love to code and build things. I'm also an avid gamer. I'm a logical and analytical person who loves to solve problems. I'm also intelligent and creative, and I'm always coming up with new ideas. I'm a good coder and I'm also a skilled problem-solver."
127,Mary Green,"Animals, nature, photography","Hiking, biking, camping",Wildlife photographer,"Adventurous, independent, compassionate","Kind, caring, patient","Animal care, photography, nature","I've always loved animals, and I'm passionate about helping them. I'm also an avid hiker, biker, and camper. I'm an adventurous and independent person who loves to explore new places. I'm kind and caring, and I have a lot of patience. I'm good at taking care of animals and I'm also a skilled wildlife photographer."
128,Quinn Jones,"Writing, reading, film","Hiking, biking, photography",Author,"Introverted, creative, independent","Good listener, thoughtful, insightful","Writing, research, editing","I've always loved to read and write, and I'm passionate about sharing my stories with others. I'm also an avid hiker, biker, and photographer. I'm an introverted person who loves to spend time alone, but I'm also creative and independent. I'm a good listener and I'm always willing to help others. I'm also a skilled writer and editor."
129,Ryan Lopez,"Music, art, fashion","Singing, dancing, painting",Fashion designer,"Creative, stylish, confident","Outgoing, funny, ambitious","Fashion design, photography, blogging","I've always loved music and art, and I'm passionate about creating my own designs. I'm also an avid blogger and photographer. I'm a creative and stylish person who loves to express myself through my work. I'm outgoing and funny, and I'm always up for a challenge. I'm a skilled fashion designer and I'm also a good photographer."
130,William Jones,"Science, technology, engineering","Coding, robotics, building things",Software engineer,"Logical, analytical, creative","Intelligent, problem-solver, innovative","Coding, problem-solving, creativity","I've always been fascinated by science, technology, and engineering, and I love to code and build things. I'm also an avid gamer. I'm a logical and analytical person who loves to solve problems. I'm also intelligent and creative, and I'm always coming up with new ideas. I'm a good coder and I'm also a skilled problem-solver."
131,Jennifer Taylor,"Environmental Science, Outdoor sports","Hiking, Birdwatching",Environmental Scientist,"Adventure seeking, Nature lover","Observant, Conscientious","Field Research, Environmental Analysis","Jennifer Taylor is an environmental scientist born in 1992, in Boulder, Colorado. She turned her love for nature and the outdoors into a rewarding career. Jennifer enjoys challenging hikes and birdwatching. Her observant and conscientious personality traits make her excellent at field research and environmental analysis."
132,David Moore,"Music, Theatre","Playing Piano, Acting",Music Teacher,"Cultural immersion, Community service","Patient, Inspiring","Teaching, Music Composition","Born in 1985 in Chicago, David Moore's life has always been filled with music and arts. He plays the piano and acts in local theatre productions. His inspiring and patient personality makes him a beloved music teacher. David immerses himself in local culture and actively participates in community service."
133,Laura Jackson,"Psychology, Human behavior","Writing, Meditation",Psychologist,"Mindfulness, Continuous learning","Empathetic, Thoughtful","Counseling, Writing","Laura Jackson, born in 1988 in Atlanta, is a clinical psychologist with a deep fascination for understanding human behavior. In her free time, Laura writes articles about psychology and practices mindfulness meditation. Laura is known for her empathetic approach towards her patients and her thoughtful insights into their issues."
134,Mark White,"Physics, Robotics","Building Robots, Video Gaming",Robotics Engineer,"Technologically inclined, Gaming","Innovative, Competitive","Robotics, Video Gaming","Born in 1991 in San Diego, Mark White is a robotics engineer with a passion for video games. Mark spends his free time building robots and competing in video game tournaments. His innovative thinking has contributed to several advancements in robotics. Despite his competitive nature in gaming, Mark is known to be a team player at his workplace."
135,Sarah Harris,"Literature, Languages","Reading, Learning new languages",Translator,"Multicultural, Intellectual","Adaptable, Curious","Translation, Multilingualism","Sarah Harris, born and raised in Seattle in 1990, is a professional translator fluent in five languages. She is known for her curiosity about different cultures and her adaptability in any environment. Sarah spends her free time reading and learning new languages, embodying her love for literature and linguistics."
136,Brian Clark,"Automotive, Engineering","Restoring old cars, Cycling",Mechanical Engineer,"Physical fitness, DIY Projects","Analytical, Hands-on","Mechanical Engineering, Restoration","Born in Detroit in 1985, Brian Clark is a mechanical engineer specializing in automotive design. He has a hobby of restoring old cars and enjoys cycling for physical fitness. Brian's analytical mind and hands-on approach make him excellent at his job and his personal projects."
137,Emma Lewis,"Astronomy, Space","Stargazing, Astrophotography",Astronomer,"Night owl, Exploration","Patient, Dedicated","Astronomical Research, Astrophotography","Emma Lewis, born in 1990 in Houston, is an astronomer with a passion for exploring the mysteries of space. Her hobbies include stargazing and capturing celestial bodies through her camera lens. Despite the long hours and constant need for patience in her field, Emma's dedication never wavers."
138,Oliver Green,"Cybersecurity, Cryptography","Programming, Cryptocurrency Trading",Cybersecurity Specialist,"Digital nomad, Investing","Detail-oriented, Ambitious","Cybersecurity, Cryptography","Oliver Green, born in 1988 in Austin, is a cybersecurity specialist. He spends his free time exploring the latest technologies and trading cryptocurrencies. Oliver leads a digital nomad lifestyle and is known for his attention to detail and ambition in the field of cybersecurity."
139,Sophia King,"Dance, Music","Ballet, Playing Violin",Dance Instructor,"Active, Artistic","Energetic, Expressive","Choreography, Violin","Sophia King, born and raised in Miami in 1992, is a dance instructor and a talented violin player. She expresses her love for music and dance through her creative choreography and performances. Sophia's energetic and expressive personality radiates through her art and her interactions."
140,Ethan Wright,"Fitness, Nutrition","Bodybuilding, Cooking",Personal Trainer,"Health-conscious, Athletic","Disciplined, Motivational","Fitness Training, Nutritional Guidance","Ethan Wright, born in 1986 in Los Angeles, turned his passion for fitness and nutrition into a career as a personal trainer. He enjoys bodybuilding and cooking healthy meals. Ethan's disciplined approach to life and his motivational skills have inspired many of his clients to lead healthier lifestyles."
141,Ava Hill,"Education, Child Development","Tutoring, Knitting",Elementary School Teacher,"Family-oriented, Educational","Patient, Caring","Teaching, Child Care","Ava Hill, born in 1987 in Charlotte, is an elementary school teacher passionate about child development. She spends her free time tutoring children and knitting. Ava is known for her caring nature and her patience with her students."
142,Noah Scott,"Architecture, History","Sketching, Exploring historical sites",Architect,"Traveling, Historical research","Creative, Inquisitive","Architectural Design, Sketching","Born in 1985 in Philadelphia, Noah Scott is an architect with a deep appreciation for historical architecture. He enjoys sketching and visiting historical sites. Noah's creativity and inquisitive nature have led him to design buildings that blend modern and historical elements."
143,Liam Martinez,"Wildlife, Conservation","Birdwatching, Camping",Wildlife Conservationist,"Outdoor activities, Eco-conscious","Passionate, Adventurous","Wildlife Identification, Conservation Techniques","Born in 1988 in Anchorage, Liam Martinez has dedicated his life to wildlife conservation. He enjoys camping and birdwatching. Liam is passionate about his work and is known for his adventurous spirit and love for outdoor activities."
144,William Phillips,"Cooking, Wine","Gourmet cooking, Wine tasting",Chef,"Foodie, Wine connoisseur","Innovative, Perfectionist","Culinary Skills, Wine Pairing","William Phillips, born in 1985 in Paris, is a professional chef with a love for wine. He enjoys gourmet cooking and wine tasting. Known for his innovative dishes and perfectionism, William has made a name for himself in the culinary world."
145,Mia Mitchell,"Philosophy, Human Rights","Debating, Volunteering",Human Rights Lawyer,"Activism, Intellectual","Persuasive, Compassionate","Legal Research, Public Speaking","Mia Mitchell, born in 1989 in Washington D.C., is a human rights lawyer. She enjoys debating and volunteers in her community. Known for her persuasive skills and compassionate nature, Mia is dedicated to fighting for justice and equality."
146,Jacob Evans,"Film, Cinematography","Directing short films, Scriptwriting",Film Director,"Artistic, Cinematic","Visionary, Collaborative","Directing, Scriptwriting","Jacob Evans, born in 1987 in Los Angeles, is a film director with a passion for cinematography. He enjoys directing short films and writing scripts. Known for his visionary ideas and collaborative nature, Jacob has created several critically acclaimed films."
147,Mason Sullivan,"Aviation, Mechanics","Model Aircraft Building, Fishing",Aerospace Engineer,"Adventurous, Tinkering","Detail-oriented, Persevering","Aerospace Engineering, Model Building","Mason Sullivan, born in 1987 in Dallas, is an aerospace engineer with a fascination for mechanics. His hobbies include building model aircraft and fishing. Mason's detail-oriented nature and perseverance help him excel in his field."
148,Sophia Bell,"Graphic Design, Illustration","Drawing, Digital Art",Graphic Designer,"Artistic, Tech-savvy","Innovative, Enthusiastic","Graphic Design, Illustration","Sophia Bell, born in 1992 in San Francisco, is a graphic designer with a passion for digital art. Her innovative designs and enthusiastic personality have made her a favorite among her clients."
149,Liam Watson,"Neuroscience, Psychology","Playing Chess, Reading",Neuroscientist,"Intellectual, Health-conscious","Analytical, Curious","Neuroscience Research, Critical Thinking","Liam Watson, born in 1986 in Boston, is a neuroscientist with a deep interest in psychology. He enjoys playing chess and reading in his free time. Liam's analytical mind and curiosity make him a leading researcher in his field."
150,Olivia Gibson,"Archeology, History","Photography, Traveling",Archeologist,"Adventurous, Historical research","Resilient, Observant","Excavation, Artifact Analysis","Olivia Gibson, born in 1988 in Rome, is an archeologist dedicated to uncovering history. She loves to travel to various excavation sites and photograph her findings. Olivia's resilience and observational skills help her in her challenging field."